INSERT INTO Hall (HName, Place, HID, Capacity) VALUES ('Hall 1', 'Location 1', 1, 243);
INSERT INTO Hall (HName, Place, HID, Capacity) VALUES ('Hall 2', 'Location 2', 2, 25);
INSERT INTO Hall (HName, Place, HID, Capacity) VALUES ('Hall 3', 'Location 3', 3, 211);
INSERT INTO Hall (HName, Place, HID, Capacity) VALUES ('Hall 4', 'Location 4', 4, 265);
INSERT INTO Hall (HName, Place, HID, Capacity) VALUES ('Hall 5', 'Location 5', 5, 246);
INSERT INTO Hall (HName, Place, HID, Capacity) VALUES ('Hall 6', 'Location 6', 6, 58);
INSERT INTO Hall (HName, Place, HID, Capacity) VALUES ('Hall 7', 'Location 7', 7, 173);
INSERT INTO Hall (HName, Place, HID, Capacity) VALUES ('Hall 8', 'Location 8', 8, 104);
INSERT INTO Hall (HName, Place, HID, Capacity) VALUES ('Hall 9', 'Location 9', 9, 295);
INSERT INTO Hall (HName, Place, HID, Capacity) VALUES ('Hall 10', 'Location 10', 10, 128);
INSERT INTO Hall (HName, Place, HID, Capacity) VALUES ('Hall 11', 'Location 11', 11, 98);
INSERT INTO Hall (HName, Place, HID, Capacity) VALUES ('Hall 12', 'Location 12', 12, 88);
INSERT INTO Hall (HName, Place, HID, Capacity) VALUES ('Hall 13', 'Location 13', 13, 135);
INSERT INTO Hall (HName, Place, HID, Capacity) VALUES ('Hall 14', 'Location 14', 14, 286);
INSERT INTO Hall (HName, Place, HID, Capacity) VALUES ('Hall 15', 'Location 15', 15, 129);
INSERT INTO Person (Address, Mail, MainPhone, Age, Pname) VALUES ('123 Elm St', 'person1@example.com', '5555832', 28, 'Person 1');
INSERT INTO Person (Address, Mail, MainPhone, Age, Pname) VALUES ('246 Elm St', 'person2@example.com', '5552340', 27, 'Person 2');
INSERT INTO Person (Address, Mail, MainPhone, Age, Pname) VALUES ('369 Elm St', 'person3@example.com', '5553380', 26, 'Person 3');
INSERT INTO Person (Address, Mail, MainPhone, Age, Pname) VALUES ('492 Elm St', 'person4@example.com', '5553368', 55, 'Person 4');
INSERT INTO Person (Address, Mail, MainPhone, Age, Pname) VALUES ('615 Elm St', 'person5@example.com', '5551119', 22, 'Person 5');
INSERT INTO Person (Address, Mail, MainPhone, Age, Pname) VALUES ('738 Elm St', 'person6@example.com', '5559394', 32, 'Person 6');
INSERT INTO Person (Address, Mail, MainPhone, Age, Pname) VALUES ('861 Elm St', 'person7@example.com', '5552448', 23, 'Person 7');
INSERT INTO Person (Address, Mail, MainPhone, Age, Pname) VALUES ('984 Elm St', 'person8@example.com', '5551604', 24, 'Person 8');
INSERT INTO Person (Address, Mail, MainPhone, Age, Pname) VALUES ('1107 Elm St', 'person9@example.com', '5552568', 34, 'Person 9');
INSERT INTO Person (Address, Mail, MainPhone, Age, Pname) VALUES ('1230 Elm St', 'person10@example.com', '5550968', 28, 'Person 10');
INSERT INTO Person (Address, Mail, MainPhone, Age, Pname) VALUES ('1353 Elm St', 'person11@example.com', '5559933', 44, 'Person 11');
INSERT INTO Person (Address, Mail, MainPhone, Age, Pname) VALUES ('1476 Elm St', 'person12@example.com', '5553686', 49, 'Person 12');
INSERT INTO Person (Address, Mail, MainPhone, Age, Pname) VALUES ('1599 Elm St', 'person13@example.com', '5557172', 22, 'Person 13');
INSERT INTO Person (Address, Mail, MainPhone, Age, Pname) VALUES ('1722 Elm St', 'person14@example.com', '5559074', 50, 'Person 14');
INSERT INTO Person (Address, Mail, MainPhone, Age, Pname) VALUES ('1845 Elm St', 'person15@example.com', '5558034', 26, 'Person 15');
INSERT INTO Manager (MRole, Seniority, MainPhone) VALUES ('Assistant Manager', 14, '5555832');
INSERT INTO Manager (MRole, Seniority, MainPhone) VALUES ('Senior Manager', 16, '5552340');
INSERT INTO Manager (MRole, Seniority, MainPhone) VALUES ('Event Coordinator', 10, '5553380');
INSERT INTO Manager (MRole, Seniority, MainPhone) VALUES ('Operations Manager', 10, '5553368');
INSERT INTO Manager (MRole, Seniority, MainPhone) VALUES ('Event Coordinator', 12, '5551119');
INSERT INTO Manager (MRole, Seniority, MainPhone) VALUES ('Operations Manager', 13, '5559394');
INSERT INTO Manager (MRole, Seniority, MainPhone) VALUES ('Junior Manager', 17, '5552448');
INSERT INTO Manager (MRole, Seniority, MainPhone) VALUES ('Assistant Manager', 1, '5551604');
INSERT INTO Manager (MRole, Seniority, MainPhone) VALUES ('Event Coordinator', 9, '5552568');
INSERT INTO Manager (MRole, Seniority, MainPhone) VALUES ('Assistant Manager', 12, '5550968');
INSERT INTO Manager (MRole, Seniority, MainPhone) VALUES ('Event Coordinator', 19, '5559933');
INSERT INTO Manager (MRole, Seniority, MainPhone) VALUES ('Assistant Manager', 15, '5553686');
INSERT INTO Manager (MRole, Seniority, MainPhone) VALUES ('Operations Manager', 18, '5557172');
INSERT INTO Manager (MRole, Seniority, MainPhone) VALUES ('Senior Manager', 2, '5559074');
INSERT INTO Manager (MRole, Seniority, MainPhone) VALUES ('Assistant Manager', 8, '5558034');
INSERT INTO ActivityOperator (OCost, Expertise, Gender, MainPhone) VALUES (292.83, 'Childrens author', 'Female', '5555832');
INSERT INTO ActivityOperator (OCost, Expertise, Gender, MainPhone) VALUES (204.16, 'Science educator', 'Male', '5552340');
INSERT INTO ActivityOperator (OCost, Expertise, Gender, MainPhone) VALUES (148.16, 'Yoga guide', 'Male', '5553380');
INSERT INTO ActivityOperator (OCost, Expertise, Gender, MainPhone) VALUES (213.09, 'Yoga guide', 'Female', '5553368');
INSERT INTO ActivityOperator (OCost, Expertise, Gender, MainPhone) VALUES (117.64, 'Storyteller', 'Female', '5551119');
INSERT INTO ActivityOperator (OCost, Expertise, Gender, MainPhone) VALUES (100.96, 'Childrens author', 'Male', '5559394');
INSERT INTO ActivityOperator (OCost, Expertise, Gender, MainPhone) VALUES (205.48, 'Yoga guide', 'Female', '5552448');
INSERT INTO ActivityOperator (OCost, Expertise, Gender, MainPhone) VALUES (241.6, 'Childrens author', 'Male', '5551604');
INSERT INTO ActivityOperator (OCost, Expertise, Gender, MainPhone) VALUES (137.47, 'Childrens author', 'Female', '5552568');
INSERT INTO ActivityOperator (OCost, Expertise, Gender, MainPhone) VALUES (102.06, 'Storyteller', 'Male', '5550968');
INSERT INTO ActivityOperator (OCost, Expertise, Gender, MainPhone) VALUES (105.85, 'Science educator', 'Female', '5559933');
INSERT INTO ActivityOperator (OCost, Expertise, Gender, MainPhone) VALUES (277.75, 'Science educator', 'Male', '5553686');
INSERT INTO ActivityOperator (OCost, Expertise, Gender, MainPhone) VALUES (121.65, 'Science educator', 'Female', '5557172');
INSERT INTO ActivityOperator (OCost, Expertise, Gender, MainPhone) VALUES (129.03, 'Yoga guide', 'Male', '5559074');
INSERT INTO ActivityOperator (OCost, Expertise, Gender, MainPhone) VALUES (151.64, 'Yoga guide', 'Female', '5558034');
INSERT INTO Participant (UserName, PPassword, PType, MainPhone) VALUES ('user1', 1444, 'Child', '5555832');
INSERT INTO Participant (UserName, PPassword, PType, MainPhone) VALUES ('user2', 6240, 'Senior', '5552340');
INSERT INTO Participant (UserName, PPassword, PType, MainPhone) VALUES ('user3', 7097, 'Adult', '5553380');
INSERT INTO Participant (UserName, PPassword, PType, MainPhone) VALUES ('user4', 3597, 'Senior', '5553368');
INSERT INTO Participant (UserName, PPassword, PType, MainPhone) VALUES ('user5', 2017, 'Adult', '5551119');
INSERT INTO Participant (UserName, PPassword, PType, MainPhone) VALUES ('user6', 2010, 'Child', '5559394');
INSERT INTO Participant (UserName, PPassword, PType, MainPhone) VALUES ('user7', 2307, 'Senior', '5552448');
INSERT INTO Participant (UserName, PPassword, PType, MainPhone) VALUES ('user8', 1861, 'Teen', '5551604');
INSERT INTO Participant (UserName, PPassword, PType, MainPhone) VALUES ('user9', 8738, 'Adult', '5552568');
INSERT INTO Participant (UserName, PPassword, PType, MainPhone) VALUES ('user10', 7032, 'Teen', '5550968');
INSERT INTO Participant (UserName, PPassword, PType, MainPhone) VALUES ('user11', 8630, 'Adult', '5559933');
INSERT INTO Participant (UserName, PPassword, PType, MainPhone) VALUES ('user12', 5450, 'Child', '5553686');
INSERT INTO Participant (UserName, PPassword, PType, MainPhone) VALUES ('user13', 6976, 'Adult', '5557172');
INSERT INTO Participant (UserName, PPassword, PType, MainPhone) VALUES ('user14', 2355, 'Child', '5559074');
INSERT INTO Participant (UserName, PPassword, PType, MainPhone) VALUES ('user15', 3378, 'Senior', '5558034');
INSERT INTO Person_More_Phone (More_Phone, MainPhone) VALUES ('5557095', '5555832');
INSERT INTO Person_More_Phone (More_Phone, MainPhone) VALUES ('5556526', '5552340');
INSERT INTO Person_More_Phone (More_Phone, MainPhone) VALUES ('5556835', '5553380');
INSERT INTO Person_More_Phone (More_Phone, MainPhone) VALUES ('5553134', '5553368');
INSERT INTO Person_More_Phone (More_Phone, MainPhone) VALUES ('5552321', '5551119');
INSERT INTO Person_More_Phone (More_Phone, MainPhone) VALUES ('5554131', '5559394');
INSERT INTO Person_More_Phone (More_Phone, MainPhone) VALUES ('5557986', '5552448');
INSERT INTO Person_More_Phone (More_Phone, MainPhone) VALUES ('5559881', '5551604');
INSERT INTO Person_More_Phone (More_Phone, MainPhone) VALUES ('5559077', '5552568');
INSERT INTO Person_More_Phone (More_Phone, MainPhone) VALUES ('5554917', '5550968');
INSERT INTO Person_More_Phone (More_Phone, MainPhone) VALUES ('5559887', '5559933');
INSERT INTO Person_More_Phone (More_Phone, MainPhone) VALUES ('5553797', '5553686');
INSERT INTO Person_More_Phone (More_Phone, MainPhone) VALUES ('5556351', '5557172');
INSERT INTO Person_More_Phone (More_Phone, MainPhone) VALUES ('5551360', '5559074');
INSERT INTO Person_More_Phone (More_Phone, MainPhone) VALUES ('5557815', '5558034');
INSERT INTO Manager_Working_Days (Working_Days, MainPhone) VALUES ('Friday', '5555832');
INSERT INTO Manager_Working_Days (Working_Days, MainPhone) VALUES ('Wednesday', '5552340');
INSERT INTO Manager_Working_Days (Working_Days, MainPhone) VALUES ('Tuesday', '5553380');
INSERT INTO Manager_Working_Days (Working_Days, MainPhone) VALUES ('Friday', '5553368');
INSERT INTO Manager_Working_Days (Working_Days, MainPhone) VALUES ('Monday', '5551119');
INSERT INTO Manager_Working_Days (Working_Days, MainPhone) VALUES ('Saturday', '5559394');
INSERT INTO Manager_Working_Days (Working_Days, MainPhone) VALUES ('Friday', '5552448');
INSERT INTO Manager_Working_Days (Working_Days, MainPhone) VALUES ('Monday', '5551604');
INSERT INTO Manager_Working_Days (Working_Days, MainPhone) VALUES ('Tuesday', '5552568');
INSERT INTO Manager_Working_Days (Working_Days, MainPhone) VALUES ('Monday', '5550968');
INSERT INTO Manager_Working_Days (Working_Days, MainPhone) VALUES ('Friday', '5559933');
INSERT INTO Manager_Working_Days (Working_Days, MainPhone) VALUES ('Wednesday', '5553686');
INSERT INTO Manager_Working_Days (Working_Days, MainPhone) VALUES ('Monday', '5557172');
INSERT INTO Manager_Working_Days (Working_Days, MainPhone) VALUES ('Tuesday', '5559074');
INSERT INTO Manager_Working_Days (Working_Days, MainPhone) VALUES ('Wednesday', '5558034');
INSERT INTO Event (EDate, ETime, Audience, ECategory, ActivityD, Price, Duration, EID, HID, MainPhone) VALUES (TO_DATE('2024-06-04', 'YYYY-MM-DD'), 1778, 'Children', 'Workshop', 'Activity Description 1', 7.02, 117, 1, 7, '5553368');
INSERT INTO Event (EDate, ETime, Audience, ECategory, ActivityD, Price, Duration, EID, HID, MainPhone) VALUES (TO_DATE('2024-06-30', 'YYYY-MM-DD'), 1695, 'Family', 'Health', 'Activity Description 2', 15.56, 72, 2, 8, '5552340');
INSERT INTO Event (EDate, ETime, Audience, ECategory, ActivityD, Price, Duration, EID, HID, MainPhone) VALUES (TO_DATE('2024-06-25', 'YYYY-MM-DD'), 1472, 'Family', 'Music', 'Activity Description 3', 8.38, 48, 3, 13, '5551604');
INSERT INTO Event (EDate, ETime, Audience, ECategory, ActivityD, Price, Duration, EID, HID, MainPhone) VALUES (TO_DATE('2024-06-18', 'YYYY-MM-DD'), 1778, 'Adults', 'Entertainment', 'Activity Description 4', 6.07, 61, 4, 15, '5553686');
INSERT INTO Event (EDate, ETime, Audience, ECategory, ActivityD, Price, Duration, EID, HID, MainPhone) VALUES (TO_DATE('2024-06-29', 'YYYY-MM-DD'), 1594, 'Family', 'Literature', 'Activity Description 5', 13.87, 155, 5, 5, '5557172');
INSERT INTO Event (EDate, ETime, Audience, ECategory, ActivityD, Price, Duration, EID, HID, MainPhone) VALUES (TO_DATE('2024-06-28', 'YYYY-MM-DD'), 1580, 'Teens', 'History', 'Activity Description 6', 5.68, 160, 6, 5, '5552448');
INSERT INTO Event (EDate, ETime, Audience, ECategory, ActivityD, Price, Duration, EID, HID, MainPhone) VALUES (TO_DATE('2024-06-17', 'YYYY-MM-DD'), 1172, 'Children', 'Literature', 'Activity Description 7', 6.18, 172, 7, 9, '5552340');
INSERT INTO Event (EDate, ETime, Audience, ECategory, ActivityD, Price, Duration, EID, HID, MainPhone) VALUES (TO_DATE('2024-06-17', 'YYYY-MM-DD'), 1258, 'Children', 'Health', 'Activity Description 8', 14.87, 153, 8, 12, '5559933');
INSERT INTO Event (EDate, ETime, Audience, ECategory, ActivityD, Price, Duration, EID, HID, MainPhone) VALUES (TO_DATE('2024-06-01', 'YYYY-MM-DD'), 1340, 'Seniors', 'Music', 'Activity Description 9', 5.22, 55, 9, 7, '5552448');
INSERT INTO Event (EDate, ETime, Audience, ECategory, ActivityD, Price, Duration, EID, HID, MainPhone) VALUES (TO_DATE('2024-06-06', 'YYYY-MM-DD'), 1198, 'Children', 'Literature', 'Activity Description 10', 12.79, 136, 10, 10, '5553380');
INSERT INTO Event (EDate, ETime, Audience, ECategory, ActivityD, Price, Duration, EID, HID, MainPhone) VALUES (TO_DATE('2024-06-20', 'YYYY-MM-DD'), 1600, 'Seniors', 'Music', 'Activity Description 11', 19.47, 152, 11, 10, '5559933');
INSERT INTO Event (EDate, ETime, Audience, ECategory, ActivityD, Price, Duration, EID, HID, MainPhone) VALUES (TO_DATE('2024-06-10', 'YYYY-MM-DD'), 1797, 'Children', 'Entertainment', 'Activity Description 12', 17.68, 50, 12, 15, '5558034');
INSERT INTO Event (EDate, ETime, Audience, ECategory, ActivityD, Price, Duration, EID, HID, MainPhone) VALUES (TO_DATE('2024-06-16', 'YYYY-MM-DD'), 1332, 'Teens', 'History', 'Activity Description 13', 12.76, 116, 13, 7, '5552568');
INSERT INTO Event (EDate, ETime, Audience, ECategory, ActivityD, Price, Duration, EID, HID, MainPhone) VALUES (TO_DATE('2024-06-28', 'YYYY-MM-DD'), 1650, 'Seniors', 'Health', 'Activity Description 14', 13.45, 160, 14, 8, '5550968');
INSERT INTO Event (EDate, ETime, Audience, ECategory, ActivityD, Price, Duration, EID, HID, MainPhone) VALUES (TO_DATE('2024-06-17', 'YYYY-MM-DD'), 1057, 'Adults', 'Health', 'Activity Description 15', 11.01, 98, 15, 5, '5553380');
INSERT INTO Event_Operator (EID, MainPhone) VALUES (1, '5559933');
INSERT INTO Event_Operator (EID, MainPhone) VALUES (2, '5553686');
INSERT INTO Event_Operator (EID, MainPhone) VALUES (3, '5552340');
INSERT INTO Event_Operator (EID, MainPhone) VALUES (4, '5550968');
INSERT INTO Event_Operator (EID, MainPhone) VALUES (5, '5559394');
INSERT INTO Event_Operator (EID, MainPhone) VALUES (6, '5550968');
INSERT INTO Event_Operator (EID, MainPhone) VALUES (7, '5553380');
INSERT INTO Event_Operator (EID, MainPhone) VALUES (8, '5550968');
INSERT INTO Event_Operator (EID, MainPhone) VALUES (9, '5552340');
INSERT INTO Event_Operator (EID, MainPhone) VALUES (10, '5559074');
INSERT INTO Event_Operator (EID, MainPhone) VALUES (11, '5552340');
INSERT INTO Event_Operator (EID, MainPhone) VALUES (12, '5559074');
INSERT INTO Event_Operator (EID, MainPhone) VALUES (13, '5555832');
INSERT INTO Event_Operator (EID, MainPhone) VALUES (14, '5559933');
INSERT INTO Event_Operator (EID, MainPhone) VALUES (15, '5558034');
INSERT INTO Event_Participant (Review, SeatNumber, CardNum, SignUpDate, EID, MainPhone) VALUES (5, 35, 943687979260, TO_DATE('2024-06-05', 'YYYY-MM-DD'), 1, '5550968');
INSERT INTO Event_Participant (Review, SeatNumber, CardNum, SignUpDate, EID, MainPhone) VALUES (2, 183, 749291276314, TO_DATE('2024-06-08', 'YYYY-MM-DD'), 2, '5551604');
INSERT INTO Event_Participant (Review, SeatNumber, CardNum, SignUpDate, EID, MainPhone) VALUES (1, 108, 845198905207, TO_DATE('2024-06-26', 'YYYY-MM-DD'), 3, '5555832');
INSERT INTO Event_Participant (Review, SeatNumber, CardNum, SignUpDate, EID, MainPhone) VALUES (3, 144, 387396630222, TO_DATE('2024-06-18', 'YYYY-MM-DD'), 4, '5559933');
INSERT INTO Event_Participant (Review, SeatNumber, CardNum, SignUpDate, EID, MainPhone) VALUES (5, 131, 962883374990, TO_DATE('2024-06-23', 'YYYY-MM-DD'), 5, '5552340');
INSERT INTO Event_Participant (Review, SeatNumber, CardNum, SignUpDate, EID, MainPhone) VALUES (1, 144, 441476834697, TO_DATE('2024-06-03', 'YYYY-MM-DD'), 6, '5551119');
INSERT INTO Event_Participant (Review, SeatNumber, CardNum, SignUpDate, EID, MainPhone) VALUES (5, 67, 805851837110, TO_DATE('2024-06-03', 'YYYY-MM-DD'), 7, '5552340');
INSERT INTO Event_Participant (Review, SeatNumber, CardNum, SignUpDate, EID, MainPhone) VALUES (1, 134, 543783970899, TO_DATE('2024-06-03', 'YYYY-MM-DD'), 8, '5553686');
INSERT INTO Event_Participant (Review, SeatNumber, CardNum, SignUpDate, EID, MainPhone) VALUES (2, 161, 837916554246, TO_DATE('2024-06-02', 'YYYY-MM-DD'), 9, '5558034');
INSERT INTO Event_Participant (Review, SeatNumber, CardNum, SignUpDate, EID, MainPhone) VALUES (1, 87, 123261057395, TO_DATE('2024-06-10', 'YYYY-MM-DD'), 10, '5553368');
INSERT INTO Event_Participant (Review, SeatNumber, CardNum, SignUpDate, EID, MainPhone) VALUES (2, 152, 876793518588, TO_DATE('2024-06-02', 'YYYY-MM-DD'), 11, '5553686');
INSERT INTO Event_Participant (Review, SeatNumber, CardNum, SignUpDate, EID, MainPhone) VALUES (2, 165, 454525706260, TO_DATE('2024-06-17', 'YYYY-MM-DD'), 12, '5558034');
INSERT INTO Event_Participant (Review, SeatNumber, CardNum, SignUpDate, EID, MainPhone) VALUES (2, 34, 316592120709, TO_DATE('2024-06-21', 'YYYY-MM-DD'), 13, '5552448');
INSERT INTO Event_Participant (Review, SeatNumber, CardNum, SignUpDate, EID, MainPhone) VALUES (2, 156, 553257981013, TO_DATE('2024-06-19', 'YYYY-MM-DD'), 14, '5557172');
INSERT INTO Event_Participant (Review, SeatNumber, CardNum, SignUpDate, EID, MainPhone) VALUES (1, 79, 430462381494, TO_DATE('2024-06-14', 'YYYY-MM-DD'), 15, '5552340');
